Generator name,		 Running time,		 File count rate (count/s),		 File size rate (MiB/s)
basic_randint,		 4158.762323379517,		 0.072136846655909,		 1.8034211663977249
bytearray_getrandbits,		 421.5582058429718,		 0.7116454995819685,		 17.79113748954921
python_native_crypto,		 157.59336185455322,		 1.9036334809386029,		 47.59083702346508
map_getrandbits,		 130.41112518310547,		 2.300417234946643,		 57.51043087366607
itertools_and_struct,		 89.61680006980896,		 3.3475866106166308,		 83.68966526541575
itertools_optimized,		 65.02802681922913,		 4.613395403092385,		 115.33488507730964
cryptography_package,		 12.453340768814087,		 24.089921376861877,		 602.2480344215469
os_urandom,		 7.967932939529419,		 37.65091928819845,		 941.2729822049613